{
	"format_version": "1.8.0",
	"animations": {
		"animation.model.new": {
			"animation_length": 3.5,
			"bones": {
				"bone1": {
					"position": {
						"0.0": {
							"vector": [5.74563, -36.20836, 4.99425]
						},
						"1.9167": {
							"vector": [2.0231, -12.7235, 1.75048],
							"easing": "easeInElastic"
						},
						"3.0": {
							"vector": [0.15655, -0.97675, 0.13024],
							"easing": "easeInBounce"
						}
					}
				},
				"bone2": {
					"position": {
						"0.0": {
							"vector": [-5.99747, -20.93318, 3.13564]
						},
						"1.75": {
							"vector": [-6, -20.93, 3.14]
						},
						"3.25": {
							"vector": [-0.00253, 0.00318, 0.00436],
							"easing": "easeInElastic"
						}
					}
				},
				"bone3": {
					"position": {
						"0.0": {
							"vector": [7.21, -10.53, 7.89]
						},
						"0.5": {
							"vector": [0.96446, -1.40393, 1.05567],
							"easing": "easeInExpo"
						}
					}
				},
				"bone4": {
					"position": {
						"0.0": {
							"vector": [-0.56705, -9.9491, 8.34829]
						},
						"1.0": {
							"vector": [-0.57, -9.95, 8.35]
						},
						"1.875": {
							"vector": [-0.13381, -2.29685, 1.92824],
							"easing": "easeInExpo"
						}
					}
				},
				"bone5": {
					"position": {
						"0.0": {
							"vector": [-5.86713, -9.39489, 6.80536]
						},
						"1.25": {
							"vector": [0.89977, 1.45025, -1.04234]
						}
					}
				},
				"bone6": {
					"position": {
						"0.0": {
							"vector": [-11.21692, -11.31371, -1.47674]
						},
						"0.75": {
							"vector": [-11.22, -11.31, -1.48]
						},
						"1.75": {
							"vector": [-0.70414, -0.7034, -0.09556],
							"easing": "easeInExpo"
						}
					}
				},
				"bone7": {
					"position": {
						"0.0": {
							"vector": [2.94509, -6.22433, -1.25862]
						},
						"2.0417": {
							"vector": [0, 0, 0],
							"easing": "easeInExpo"
						}
					}
				},
				"bone8": {
					"position": {
						"0.0": {
							"vector": [2.84701, -8.96119, -5.70891]
						},
						"0.25": {
							"vector": [2.85, -8.96, -5.71],
							"easing": "easeInExpo"
						},
						"1.25": {
							"vector": [0.00299, 0.00119, -0.00109],
							"easing": "easeInOutExpo"
						}
					}
				},
				"bone9": {
					"position": {
						"0.0": {
							"vector": [-2.55504, -6.624, -5.53122]
						},
						"1.25": {
							"vector": [-2.56, -6.62, -5.53]
						},
						"2.0417": {
							"vector": [0.27893, 0.74, 0.6158]
						}
					}
				},
				"bone10": {
					"position": {
						"0.0": {
							"vector": [-1.88111, -10.02387, -4.12109]
						},
						"1.25": {
							"vector": [-1.88, -10.02, -4.12]
						},
						"2.0417": {
							"vector": [-0.34091, -1.81865, -0.7482]
						}
					}
				}
			}
		}
	},
	"geckolib_format_version": 2
}