{
	"format_version": "1.8.0",
	"animations": {
		"animation": {
			"animation_length": 8.75,
			"bones": {
				"bone1": {
					"position": {
						"0.0": [4.81391, -30.33673, 4.18437],
						"3.25": [4.81, -30.34, 4.18],
						"3.75": [0, 0, 0]
					}
				},
				"bone2": {
					"position": {
						"0.0": [-5.72485, -19.98168, 2.99311],
						"3.0": [-5.72, -19.98, 2.99],
						"3.5": [0, 0, 0]
					}
				},
				"bone3": {
					"position": {
						"0.0": [5.76511, -8.42407, 6.30861],
						"2.75": [5.77, -8.42, 6.31],
						"3.25": [0, 0, 0]
					}
				},
				"bone4": {
					"position": {
						"0.0": [-0.47981, -8.41847, 7.06393],
						"2.5": [-0.48, -8.42, 7.06],
						"3.0": [0, 0, 0]
					}
				},
				"bone5": {
					"position": {
						"0.0": [-5.86713, -9.39489, 6.80536],
						"1.75": [-5.87, -9.39, 6.81],
						"2.25": [0, 0, 0],
						"2.75": [0, 0, 0]
					}
				},
				"bone6": {
					"position": {
						"0.0": [-10.51586, -10.6066, -1.38444],
						"1.5": [-10.52, -10.61, -1.38],
						"2.0": [0, 0, 0],
						"2.5": [0, 0, 0]
					}
				},
				"bone7": {
					"position": {
						"0.0": [4.20727, -8.8919, -1.79804],
						"1.0": [4.21, -8.89, -1.8],
						"1.5": [0, 0, 0]
					}
				},
				"bone8": {
					"position": {
						"0.0": [3.36465, -10.5905, -6.74689],
						"0.75": [3.36, -10.59, -6.75],
						"1.25": [0, 0, 0]
					}
				},
				"bone9": {
					"position": {
						"0.25": [-2.56, -6.62, -5.53],
						"0.75": [0, 0, 0]
					}
				},
				"bone10": {
					"position": {
						"0.0": [-1.7101, -9.11261, -3.74645],
						"0.5": [0, 0, 0]
					}
				}
			}
		},
		"animation2": {
			"animation_length": 4.25,
			"bones": {
				"InfectedSkint": {
					"position": [0, 0, 0]
				},
				"bone": {
					"position": {
						"0.0": [0, 0, 0],
						"0.5": [0, -9, 0]
					}
				},
				"bone11": {
					"position": {
						"0.25": [0, 0, 0],
						"0.75": [0, -6, 0]
					}
				},
				"bone12": {
					"position": {
						"3.75": [0, 0, 0],
						"4.25": [0, -7, 0]
					}
				},
				"bone13": {
					"position": {
						"0.5": [0, 0, 0],
						"1.0": [0, -3, 0]
					}
				},
				"bone14": {
					"position": {
						"0.75": [0, 0, 0],
						"1.25": [0, -5, 0]
					}
				},
				"bone15": {
					"position": {
						"1.0": [0, 0, 0],
						"1.5": [0, -6, 0]
					}
				},
				"bone16": {
					"position": {
						"1.5": [0, 0, 0],
						"2.0": [0, -10, 0]
					}
				},
				"bone17": {
					"position": {
						"1.75": [0, 0, 0],
						"2.25": [0, -3, 0]
					}
				},
				"bone18": {
					"position": {
						"1.25": [0, 0, 0],
						"1.75": [0, -4, 0]
					}
				},
				"bone19": {
					"position": {
						"2.5": [0, 0, 0],
						"3.0": [0, -4, 0]
					}
				},
				"bone20": {
					"position": {
						"2.0": [0, 0, 0],
						"2.5": [0, -7, 0]
					}
				},
				"bone21": {
					"position": {
						"3.0": [0, 0, 0],
						"3.5": [0, -6, 0]
					}
				},
				"bone22": {
					"position": {
						"3.25": [0, 0, 0],
						"3.75": [0, -7, 0]
					}
				},
				"bone23": {
					"position": {
						"3.5": [0, 0, 0],
						"4.0": [0, -4, 0]
					}
				}
			}
		}
	}
}